Comfort,space
Comfort,luxury
Comfort,smooth
Comfort,quiet
Comfort,climate
Comfort,roomy
Comfort,legroom
Comfort,upholstery
Design,design
Design,look
Design,interior
Design,exterior
Design,style
Design,color
Design,finish
Design,shape
Design,appearance
Design,aesthetic
Performance,handling
Performance,performance
Performance,engine
Performance,speed
Performance,torque
Performance,fast
Performance,power
Performance,horsepower
Performance,acceleration
Safety,brakes
Safety,traction
Safety,safety
Safety,airbags
Safety,camera
Safety,stability
Safety,abs
Safety,sensor
Safety,secure
Safety,safy
Safety,safer
Safety,brake
Safety,braking
Technology,modern
Technology,feature
Technology,tech
Technology,bluetooth
Technology,gps
Technology,infotainment
Technology,connectivity
Technology,advanced
Technology,system
Technology,systems
Technology,advance
